-- ============================================================
-- DML: Pedidos, Detalle, Envíos, Trámites, Facturas, Pagos, Comisiones
-- EJECUTAR EN ESTE ORDEN (dependencias cruzadas entre esquemas)
-- ============================================================

-- ---- PEDIDOS (oltp_ventas) ----
INSERT INTO oltp_ventas.pedidos (cliente_id, empleado_id, fecha_pedido, estado, canal, descuento_pct) VALUES
( 1,  2, '2024-01-08', 'entregado',  'web',          0),
( 2,  2, '2024-01-15', 'entregado',  'web',          5),
( 3,  3, '2024-01-22', 'entregado',  'marketplace',  0),
( 4,  3, '2024-02-03', 'entregado',  'web',          0),
( 5,  2, '2024-02-10', 'entregado',  'telefono',    10),
( 6,  4, '2024-02-18', 'entregado',  'web',          0),
( 7,  3, '2024-03-02', 'entregado',  'web',          0),
( 8,  2, '2024-03-12', 'entregado',  'web',          5),
( 9,  4, '2024-03-20', 'entregado',  'marketplace',  0),
(10,  1, '2024-03-28', 'entregado',  'web',          0),
(11,  3, '2024-04-05', 'entregado',  'web',          0),
(12,  2, '2024-04-14', 'entregado',  'telefono',     0),
(13,  4, '2024-04-22', 'entregado',  'web',         10),
(14,  5, '2024-05-02', 'entregado',  'web',          0),
(15,  3, '2024-05-10', 'entregado',  'marketplace',  5),
(16,  2, '2024-05-18', 'entregado',  'web',          0),
(17,  4, '2024-05-25', 'entregado',  'web',          0),
(18,  3, '2024-06-03', 'entregado',  'web',          0),
(19,  5, '2024-06-12', 'entregado',  'telefono',     5),
(20,  2, '2024-06-20', 'entregado',  'web',          0),
(21,  4, '2024-07-01', 'entregado',  'web',          0),
(22,  3, '2024-07-10', 'entregado',  'marketplace', 10),
(23,  5, '2024-07-18', 'entregado',  'web',          0),
(24,  2, '2024-07-26', 'entregado',  'web',          0),
(25,  4, '2024-08-05', 'entregado',  'web',          5),
(26,  3, '2024-08-14', 'entregado',  'web',          0),
(27,  5, '2024-08-22', 'entregado',  'telefono',     0),
(28,  2, '2024-09-02', 'entregado',  'web',          0),
(29,  4, '2024-09-10', 'entregado',  'web',          5),
(30,  3, '2024-09-18', 'entregado',  'marketplace',  0),
( 1,  2, '2024-10-01', 'entregado',  'web',          0),
( 3,  5, '2024-10-08', 'entregado',  'web',          0),
( 5,  3, '2024-10-15', 'entregado',  'telefono',     5),
( 7,  4, '2024-10-22', 'entregado',  'web',          0),
( 9,  2, '2024-11-01', 'entregado',  'web',          0),
(11,  5, '2024-11-06', 'entregado',  'web',         10),
(13,  3, '2024-11-08', 'enviado',    'web',          0),
(15,  4, '2024-11-10', 'enviado',    'marketplace',  5),
(17,  2, '2024-11-12', 'enviado',    'web',          0),
(19,  5, '2024-11-15', 'enviado',    'web',          0),
(21,  3, '2024-11-18', 'confirmado', 'web',          0),
(23,  2, '2024-11-20', 'confirmado', 'telefono',     5),
(25,  4, '2024-11-22', 'pendiente',  'web',          0),
(27,  5, '2024-11-23', 'pendiente',  'web',          0),
(29,  3, '2024-11-24', 'pendiente',  'marketplace',  0),
( 2,  2, '2024-11-24', 'pendiente',  'web',          0),
( 4,  4, '2024-11-24', 'pendiente',  'web',         10),
( 6,  3, '2024-11-24', 'pendiente',  'web',          0),
( 8,  5, '2024-11-25', 'pendiente',  'telefono',     5),
(10,  2, '2024-11-25', 'pendiente',  'web',          0);

-- ---- DETALLE DE PEDIDOS (oltp_ventas) ----
INSERT INTO oltp_ventas.detalle_pedido (pedido_id, producto_id, cantidad, precio_unitario, tasa_ipsi_pct) VALUES
-- Pedidos 1-10
(1,  3,  1, 1899.00, 0.00), (1, 23,  1,  99.99, 0.00),
(2,  8,  2,  999.00, 0.00), (2, 25,  1, 349.00, 0.00),
(3,  1,  1, 2199.00, 4.00), (3, 26,  1, 599.00, 4.00),
(4, 17,  1,  699.00, 0.00), (4, 21,  2, 149.00, 0.00),
(5,  7,  2, 1162.00, 4.00), (5, 47,  3,  35.00, 4.00),
(6, 13,  1, 1229.00, 4.00), (6, 15,  1, 159.00, 0.00),
(7, 19,  1, 1099.00, 0.00), (7, 20,  1,  999.00, 0.00),
(8, 32,  2,  189.00, 0.00), (8, 33,  1,   99.00, 0.00),
(9,  4,  1, 1749.00, 0.00), (9, 24,  1,  109.00, 0.00),
(10, 2,  1, 1499.00, 4.00),(10, 46,  2,   39.99, 4.00),
-- Pedidos 11-20
(11, 8,  1,  999.00, 0.00),(11, 12,  1,  449.00, 0.00),
(12, 37, 1,  399.00, 0.00),(12, 23,  2,   99.99, 0.00),
(13, 1,  1, 1969.00, 4.00),(13, 22,  1,  289.00, 4.00),
(14, 11, 1,  749.00, 0.00),(14, 28,  1,  169.00, 0.00),
(15, 7,  3, 1162.00, 4.00),(15, 47,  5,   35.00, 4.00),
(16, 5,  1, 1599.00, 0.00),(16, 25,  1,  349.00, 0.00),
(17, 9,  1,  799.00, 0.00),(17, 34,  2,  119.00, 0.00),
(18, 14, 1,  799.00, 0.00),(18, 43,  1, 1162.00, 4.00),
(19, 6,  1, 1649.00, 0.00),(19, 45,  1,  199.00, 0.00),
(20, 2,  1, 1340.00, 4.00),(20, 46,  3,   35.00, 4.00),
-- Pedidos 21-30
(21, 18, 1,  589.00, 0.00),(21, 21,  4,  149.00, 0.00),
(22, 13, 1, 1100.00, 4.00),(22, 15,  2,  142.00, 4.00),
(23, 8,  1,  999.00, 0.00),(23, 27,  1,   49.00, 0.00),
(24, 3,  1, 1899.00, 0.00),(24, 23,  1,   99.99, 0.00),
(25, 7,  1, 1162.00, 4.00),(25, 50,  2,   44.00, 4.00),
(26, 32, 3,  189.00, 0.00),(26, 36,  5,   44.00, 0.00),
(27, 1,  1, 1969.00, 4.00),(27, 24,  1,  109.00, 4.00),
(28, 19, 1, 1099.00, 0.00),(28, 20,  1,  999.00, 0.00),
(29, 5,  1, 1430.00, 4.00),(29, 25,  1,  312.00, 4.00),
(30, 4,  1, 1749.00, 0.00),(30, 22,  1,  289.00, 0.00),
-- Pedidos 31-50
(31, 8,  2,  999.00, 0.00),(31, 12,  2,  449.00, 0.00),
(32, 7,  1, 1162.00, 4.00),(32, 48,  4,   35.00, 4.00),
(33, 37, 1,  399.00, 0.00),(33, 38,  1,  219.00, 0.00),
(34, 2,  1, 1499.00, 4.00),(34, 46,  2,   39.99, 4.00),
(35, 13, 1, 1229.00, 4.00),(35, 27,  2,   49.00, 4.00),
(36, 19, 1, 1099.00, 0.00),(36, 21,  2,  149.00, 0.00),
(37, 1,  1, 1969.00, 4.00),(37, 45,  1,  199.00, 4.00),
(38, 6,  1, 1649.00, 0.00),(38, 26,  1,  599.00, 0.00),
(39, 3,  1, 1899.00, 0.00),(39, 23,  2,   99.99, 0.00),
(40, 9,  2,  799.00, 0.00),(40, 34,  3,  119.00, 0.00),
(41,11,  1,  749.00, 0.00),(41, 12,  1,  449.00, 0.00),
(42, 8,  1,  999.00, 0.00),(42, 47,  5,   35.00, 0.00),
(43, 7,  2, 1162.00, 4.00),
(44, 1,  1, 1969.00, 4.00),(44, 22,  1,  289.00, 4.00),
(45, 4,  1, 1749.00, 0.00),(45, 25,  1,  349.00, 0.00),
(46, 19, 1, 1099.00, 0.00),(46, 20,  1,  999.00, 0.00),
(47, 13, 1, 1100.00, 4.00),(47, 15,  2,  142.00, 4.00),
(48, 5,  1, 1430.00, 4.00),(48, 23,  1,   89.00, 4.00),
(49, 6,  1, 1649.00, 0.00),(49, 26,  1,  599.00, 0.00),
(50, 2,  1, 1499.00, 4.00),(50, 46,  3,   39.99, 4.00);

-- ---- ENVÍOS (oltp_logistica) ----
INSERT INTO oltp_logistica.envios (pedido_id, transportista_id, fecha_salida, fecha_entrega_est, fecha_entrega_real, coste_envio, ciudad_destino, provincia_destino, codigo_postal, estado_envio, peso_kg) VALUES
(1,  1, '2024-01-09','2024-01-11','2024-01-11',  9.90, 'Málaga',       'Málaga',    '29001', 'entregado',  3.20),
(2,  3, '2024-01-16','2024-01-20','2024-01-21', 12.50, 'Cádiz',        'Cádiz',     '11001', 'entregado',  5.10),
(3,  2, '2024-01-23','2024-01-26','2024-01-26',  8.90, 'Sevilla',      'Sevilla',   '41001', 'entregado',  4.80),
(4,  1, '2024-02-04','2024-02-06','2024-02-07',  9.90, 'Granada',      'Granada',   '18001', 'entregado',  2.50),
(5,  6, '2024-02-11','2024-02-13','2024-02-13', 11.00, 'Montilla',     'Córdoba',   '14550', 'entregado',  6.40),
(6,  2, '2024-02-19','2024-02-22','2024-02-22',  7.50, 'Almería',      'Almería',   '04001', 'entregado',  3.10),
(7,  1, '2024-03-03','2024-03-05','2024-03-05',  9.90, 'Jaén',         'Jaén',      '23001', 'entregado',  7.20),
(8,  4, '2024-03-13','2024-03-15','2024-03-15', 18.90, 'Huelva',       'Huelva',    '21001', 'entregado',  3.50),
(9,  5, '2024-03-21','2024-03-25','2024-03-25', 13.80, 'Ceuta',        'Ceuta',     '51001', 'entregado',  4.20),
(10, 1, '2024-03-29','2024-03-31','2024-04-01', 9.90,  'Madrid',       'Madrid',    '28009', 'entregado',  3.80),
(11, 2, '2024-04-06','2024-04-09','2024-04-09',  7.50, 'Barcelona',    'Barcelona', '08013', 'entregado',  5.60),
(12, 3, '2024-04-15','2024-04-19','2024-04-22', 12.50, 'Valencia',     'Valencia',  '46001', 'entregado',  4.30),
(13, 4, '2024-04-23','2024-04-26','2024-04-26', 18.90, 'Murcia',       'Murcia',    '30001', 'entregado',  2.80),
(14, 1, '2024-05-03','2024-05-05','2024-05-05',  9.90, 'Zaragoza',     'Zaragoza',  '50001', 'entregado',  3.10),
(15, 6, '2024-05-11','2024-05-13','2024-05-13', 11.00, 'Bilbao',       'Vizcaya',   '48001', 'entregado',  8.20),
(16, 2, '2024-05-19','2024-05-22','2024-05-22',  7.50, 'Málaga',       'Málaga',    '29003', 'entregado',  4.50),
(17, 1, '2024-05-26','2024-05-28','2024-05-28',  9.90, 'Sevilla',      'Sevilla',   '41004', 'entregado',  3.20),
(18, 2, '2024-06-04','2024-06-07','2024-06-07',  7.50, 'Granada',      'Granada',   '18009', 'entregado',  7.80),
(19, 3, '2024-06-13','2024-06-17','2024-06-18', 12.50, 'Almería',      'Almería',   '04004', 'entregado',  4.10),
(20, 1, '2024-06-21','2024-06-23','2024-06-23',  9.90, 'Huelva',       'Huelva',    '21005', 'entregado',  3.60),
(21, 1, '2024-07-02','2024-07-04','2024-07-04',  9.90, 'Cádiz',        'Cádiz',     '11002', 'entregado',  2.90),
(22, 9, '2024-07-11','2024-07-12','2024-07-12',  5.80, 'Ceuta',        'Ceuta',     '51001', 'entregado',  5.20),
(23, 4, '2024-07-19','2024-07-22','2024-07-22', 18.90, 'Jaén',         'Jaén',      '23002', 'entregado',  3.80),
(24, 2, '2024-07-27','2024-07-30','2024-07-30',  7.50, 'Córdoba',      'Córdoba',   '14001', 'entregado',  4.20),
(25, 6, '2024-08-06','2024-08-08','2024-08-09', 11.00, 'Murcia',       'Murcia',    '30002', 'entregado',  3.50),
(26, 1, '2024-08-15','2024-08-17','2024-08-17',  9.90, 'Córdoba',      'Córdoba',   '14013', 'entregado',  6.80),
(27, 2, '2024-08-23','2024-08-26','2024-08-26',  7.50, 'Cádiz',        'Cádiz',     '11202', 'entregado',  4.60),
(28, 4, '2024-09-03','2024-09-06','2024-09-06', 18.90, 'Málaga',       'Málaga',    '29590', 'entregado',  8.10),
(29, 1, '2024-09-11','2024-09-13','2024-09-13',  9.90, 'Ceuta',        'Ceuta',     '51001', 'entregado',  5.30),
(30, 3, '2024-09-19','2024-09-23','2024-09-23', 12.50, 'Algeciras',    'Cádiz',     '11207', 'entregado',  4.70),
(31, 2, '2024-10-02','2024-10-05','2024-10-05',  7.50, 'Málaga',       'Málaga',    '29001', 'entregado',  6.30),
(32, 6, '2024-10-09','2024-10-11','2024-10-11', 11.00, 'Sevilla',      'Sevilla',   '41004', 'entregado',  3.90),
(33, 1, '2024-10-16','2024-10-18','2024-10-18',  9.90, 'Córdoba',      'Córdoba',   '14001', 'entregado',  4.80),
(34, 2, '2024-10-23','2024-10-26','2024-10-26',  7.50, 'Málaga',       'Málaga',    '29003', 'entregado',  3.10),
(35, 9, '2024-11-02','2024-11-03','2024-11-03',  5.80, 'Algeciras',    'Cádiz',     '11201', 'entregado',  4.50),
(36, 4, '2024-11-07','2024-11-10','2024-11-10', 18.90, 'Málaga',       'Málaga',    '29640', 'entregado',  5.20),
(37, 1, '2024-11-09','2024-11-11', NULL,          9.90, 'Málaga',       'Málaga',    '29400', 'en_transito',4.10),
(38, 2, '2024-11-11','2024-11-14', NULL,          7.50, 'Málaga',       'Málaga',    '29680', 'en_transito',6.30),
(39, 1, '2024-11-13','2024-11-15', NULL,          9.90, 'Granada',      'Granada',   '18600', 'en_transito',3.80),
(40, 3, '2024-11-16','2024-11-20', NULL,         12.50, 'Almería',      'Almería',   '04005', 'en_transito',5.60);

-- ---- TRÁMITES ADUANAS (oltp_logistica) ----
INSERT INTO oltp_logistica.tramites_aduanas (envio_id, num_dua, fecha_despacho, fecha_liberacion, coste_tramite, incidencia, horas_demora) VALUES
(1,  'DUA-2024-000101', '2024-01-09', '2024-01-09',  45.00, NULL,                             2.5),
(2,  'DUA-2024-000102', '2024-01-16', '2024-01-16',  45.00, NULL,                             3.0),
(3,  'DUA-2024-000103', '2024-01-23', '2024-01-23',  45.00, NULL,                             2.0),
(4,  'DUA-2024-000104', '2024-02-04', '2024-02-04',  45.00, NULL,                             2.5),
(5,  'DUA-2024-000105', '2024-02-11', '2024-02-11',  55.00, NULL,                             3.5),
(6,  'DUA-2024-000106', '2024-02-19', '2024-02-19',  45.00, NULL,                             2.0),
(7,  'DUA-2024-000107', '2024-03-03', '2024-03-03',  45.00, NULL,                             4.0),
(8,  'DUA-2024-000108', '2024-03-13', '2024-03-13',  55.00, NULL,                             3.0),
(9,  'DUA-2024-000109', '2024-03-21', '2024-03-21',  45.00, NULL,                             2.5),
(10, 'DUA-2024-000110', '2024-03-29', '2024-03-29',  55.00, 'Inspección documental extra',   8.0),
(11, 'DUA-2024-000111', '2024-04-06', '2024-04-06',  45.00, NULL,                             2.0),
(12, 'DUA-2024-000112', '2024-04-15', '2024-04-17',  65.00, 'Retención por valor declarado', 48.0),
(13, 'DUA-2024-000113', '2024-04-23', '2024-04-23',  55.00, NULL,                             3.0),
(14, 'DUA-2024-000114', '2024-05-03', '2024-05-03',  45.00, NULL,                             2.5),
(15, 'DUA-2024-000115', '2024-05-11', '2024-05-11',  55.00, NULL,                             3.5),
(16, 'DUA-2024-000116', '2024-05-19', '2024-05-19',  45.00, NULL,                             2.0),
(17, 'DUA-2024-000117', '2024-05-26', '2024-05-26',  45.00, NULL,                             2.5),
(18, 'DUA-2024-000118', '2024-06-04', '2024-06-04',  45.00, NULL,                             3.0),
(19, 'DUA-2024-000119', '2024-06-13', '2024-06-14',  65.00, 'Verificación número serie',    24.0),
(20, 'DUA-2024-000120', '2024-06-21', '2024-06-21',  45.00, NULL,                             2.5),
(21, 'DUA-2024-000121', '2024-07-02', '2024-07-02',  45.00, NULL,                             2.0),
(22, 'DUA-2024-000122', '2024-07-11', '2024-07-11',  35.00, NULL,                             1.5),
(23, 'DUA-2024-000123', '2024-07-19', '2024-07-19',  55.00, NULL,                             3.5),
(24, 'DUA-2024-000124', '2024-07-27', '2024-07-27',  45.00, NULL,                             2.5),
(25, 'DUA-2024-000125', '2024-08-06', '2024-08-06',  55.00, NULL,                             4.0),
(26, 'DUA-2024-000126', '2024-08-15', '2024-08-15',  45.00, NULL,                             2.0),
(27, 'DUA-2024-000127', '2024-08-23', '2024-08-23',  45.00, NULL,                             3.0),
(28, 'DUA-2024-000128', '2024-09-03', '2024-09-03',  55.00, NULL,                             2.5),
(29, 'DUA-2024-000129', '2024-09-11', '2024-09-11',  45.00, NULL,                             2.0),
(30, 'DUA-2024-000130', '2024-09-19', '2024-09-19',  45.00, NULL,                             3.5),
(37, 'DUA-2024-000137', '2024-11-09', NULL,           45.00, NULL,                             0.0),
(38, 'DUA-2024-000138', '2024-11-11', NULL,           45.00, NULL,                             0.0),
(39, 'DUA-2024-000139', '2024-11-13', NULL,           55.00, NULL,                             0.0),
(40, 'DUA-2024-000140', '2024-11-16', NULL,           45.00, NULL,                             0.0);

-- ---- FACTURAS (oltp_finanzas) ----
INSERT INTO oltp_finanzas.facturas (num_factura, pedido_id, cliente_id, fecha_emision, fecha_vencimiento, importe_bruto, tipo_impuesto, pct_impuesto, importe_impuesto, importe_total, estado) VALUES
('CC-2024-00001',  1,  1, '2024-01-08', '2024-02-07', 1998.99, 'IVA',  21,  419.79, 2418.78, 'pagada'),
('CC-2024-00002',  2,  2, '2024-01-15', '2024-02-14', 2158.10, 'IVA',  21,  453.20, 2611.30, 'pagada'),
('CC-2024-00003',  3,  3, '2024-01-22', '2024-02-21', 2798.00, 'IPSI',  4,  111.92, 2909.92, 'pagada'),
('CC-2024-00004',  4,  4, '2024-02-03', '2024-03-05',  997.00, 'IVA',  21,  209.37, 1206.37, 'pagada'),
('CC-2024-00005',  5,  5, '2024-02-10', '2024-03-11', 2429.00, 'IPSI',  4,   97.16, 2526.16, 'pagada'),
('CC-2024-00006',  6,  6, '2024-02-18', '2024-03-19', 1388.00, 'IPSI',  4,   55.52, 1443.52, 'pagada'),
('CC-2024-00007',  7,  7, '2024-03-02', '2024-04-01', 2098.00, 'IVA',  21,  440.58, 2538.58, 'pagada'),
('CC-2024-00008',  8,  8, '2024-03-12', '2024-04-11',  477.00, 'IVA',  21,  100.17,  577.17, 'pagada'),
('CC-2024-00009',  9,  9, '2024-03-20', '2024-04-19', 1858.00, 'IVA',  21,  390.18, 2248.18, 'pagada'),
('CC-2024-00010', 10, 10, '2024-03-28', '2024-04-27', 1578.98, 'IPSI',  4,   63.16, 1642.14, 'pagada'),
('CC-2024-00011', 11, 11, '2024-04-05', '2024-05-05', 1448.00, 'IVA',  21,  304.08, 1752.08, 'pagada'),
('CC-2024-00012', 12, 12, '2024-04-14', '2024-05-14',  598.98, 'IVA',  21,  125.79,  724.77, 'pagada'),
('CC-2024-00013', 13, 13, '2024-04-22', '2024-05-22', 2313.30, 'IPSI',  4,   92.53, 2405.83, 'pagada'),
('CC-2024-00014', 14, 14, '2024-05-02', '2024-06-01',  918.00, 'IVA',  21,  192.78, 1110.78, 'pagada'),
('CC-2024-00015', 15, 15, '2024-05-10', '2024-06-09', 3310.90, 'IPSI',  4,  132.44, 3443.34, 'pagada'),
('CC-2024-00016', 16, 16, '2024-05-18', '2024-06-17', 1948.00, 'IVA',  21,  409.08, 2357.08, 'pagada'),
('CC-2024-00017', 17, 17, '2024-05-25', '2024-06-24',  799.00, 'IVA',  21,  167.79,  966.79, 'pagada'),
('CC-2024-00018', 18, 18, '2024-06-03', '2024-07-03', 1961.00, 'IPSI',  4,   78.44, 2039.44, 'pagada'),
('CC-2024-00019', 19, 19, '2024-06-12', '2024-07-12', 1565.00, 'IVA',  21,  328.65, 1893.65, 'pagada'),
('CC-2024-00020', 20, 20, '2024-06-20', '2024-07-20', 1449.97, 'IPSI',  4,   58.00, 1507.97, 'pagada'),
('CC-2024-00021', 21, 21, '2024-07-01', '2024-07-31', 1408.00, 'IVA',  21,  295.68, 1703.68, 'pagada'),
('CC-2024-00022', 22, 22, '2024-07-10', '2024-08-09', 1384.00, 'IPSI',  4,   55.36, 1439.36, 'pagada'),
('CC-2024-00023', 23, 23, '2024-07-18', '2024-08-17', 1048.00, 'IVA',  21,  220.08, 1268.08, 'pagada'),
('CC-2024-00024', 24, 24, '2024-07-26', '2024-08-25', 1998.99, 'IVA',  21,  419.79, 2418.78, 'pagada'),
('CC-2024-00025', 25, 25, '2024-08-05', '2024-09-04', 1249.90, 'IPSI',  4,   50.00, 1299.90, 'pagada'),
('CC-2024-00026', 26, 26, '2024-08-14', '2024-09-13',  787.00, 'IVA',  21,  165.27,  952.27, 'pagada'),
('CC-2024-00027', 27, 27, '2024-08-22', '2024-09-21', 2078.00, 'IPSI',  4,   83.12, 2161.12, 'pagada'),
('CC-2024-00028', 28, 28, '2024-09-02', '2024-10-02', 2098.00, 'IVA',  21,  440.58, 2538.58, 'pagada'),
('CC-2024-00029', 29, 29, '2024-09-10', '2024-10-10', 1742.00, 'IPSI',  4,   69.68, 1811.68, 'pagada'),
('CC-2024-00030', 30, 30, '2024-09-18', '2024-10-18', 2038.00, 'IVA',  21,  427.98, 2465.98, 'pagada'),
('CC-2024-00031', 31,  1, '2024-10-01', '2024-10-31', 2896.00, 'IVA',  21,  608.16, 3504.16, 'pagada'),
('CC-2024-00032', 32,  3, '2024-10-08', '2024-11-07', 1301.96, 'IPSI',  4,   52.08, 1354.04, 'pagada'),
('CC-2024-00033', 33,  5, '2024-10-15', '2024-11-14',  618.00, 'IVA',  21,  129.78,  747.78, 'pagada'),
('CC-2024-00034', 34,  7, '2024-10-22', '2024-11-21', 1578.98, 'IPSI',  4,   63.16, 1642.14, 'pagada'),
('CC-2024-00035', 35,  9, '2024-11-01', '2024-12-01', 1327.00, 'IPSI',  4,   53.08, 1380.08, 'pagada'),
('CC-2024-00036', 36, 11, '2024-11-06', '2024-12-06', 1387.00, 'IVA',  21,  291.27, 1678.27, 'pagada'),
('CC-2024-00037', 37, 13, '2024-11-08', '2024-12-08', 2367.31, 'IPSI',  4,   94.69, 2462.00, 'emitida'),
('CC-2024-00038', 38, 15, '2024-11-10', '2024-12-10', 2248.00, 'IVA',  21,  472.08, 2720.08, 'emitida'),
('CC-2024-00039', 39, 17, '2024-11-12', '2024-12-12', 2098.98, 'IVA',  21,  440.79, 2539.77, 'emitida'),
('CC-2024-00040', 40, 19, '2024-11-15', '2024-12-15', 1955.00, 'IVA',  21,  410.55, 2365.55, 'emitida');

-- ---- PAGOS (oltp_finanzas) ----
INSERT INTO oltp_finanzas.pagos (factura_id, fecha_pago, importe, metodo, referencia) VALUES
(1,  '2024-01-10', 2418.78, 'tarjeta',        'PAY-2024-TC-0001'),
(2,  '2024-01-17', 2611.30, 'transferencia',  'PAY-2024-TR-0002'),
(3,  '2024-01-24', 2909.92, 'tarjeta',        'PAY-2024-TC-0003'),
(4,  '2024-02-05', 1206.37, 'bizum',          'PAY-2024-BZ-0004'),
(5,  '2024-02-12', 2526.16, 'tarjeta',        'PAY-2024-TC-0005'),
(6,  '2024-02-20', 1443.52, 'transferencia',  'PAY-2024-TR-0006'),
(7,  '2024-03-04', 2538.58, 'tarjeta',        'PAY-2024-TC-0007'),
(8,  '2024-03-14', 577.17,  'paypal',         'PAY-2024-PP-0008'),
(9,  '2024-03-22', 2248.18, 'tarjeta',        'PAY-2024-TC-0009'),
(10, '2024-03-30', 1642.14, 'transferencia',  'PAY-2024-TR-0010'),
(11, '2024-04-07', 1752.08, 'tarjeta',        'PAY-2024-TC-0011'),
(12, '2024-04-16', 724.77,  'bizum',          'PAY-2024-BZ-0012'),
(13, '2024-04-24', 2405.83, 'tarjeta',        'PAY-2024-TC-0013'),
(14, '2024-05-04', 1110.78, 'transferencia',  'PAY-2024-TR-0014'),
(15, '2024-05-12', 3443.34, 'tarjeta',        'PAY-2024-TC-0015'),
(16, '2024-05-20', 2357.08, 'tarjeta',        'PAY-2024-TC-0016'),
(17, '2024-05-27', 966.79,  'bizum',          'PAY-2024-BZ-0017'),
(18, '2024-06-05', 2039.44, 'tarjeta',        'PAY-2024-TC-0018'),
(19, '2024-06-14', 1893.65, 'paypal',         'PAY-2024-PP-0019'),
(20, '2024-06-22', 1507.97, 'transferencia',  'PAY-2024-TR-0020'),
(21, '2024-07-03', 1703.68, 'tarjeta',        'PAY-2024-TC-0021'),
(22, '2024-07-12', 1439.36, 'transferencia',  'PAY-2024-TR-0022'),
(23, '2024-07-20', 1268.08, 'tarjeta',        'PAY-2024-TC-0023'),
(24, '2024-07-28', 2418.78, 'contrarreembolso','PAY-2024-CR-0024'),
(25, '2024-08-07', 1299.90, 'tarjeta',        'PAY-2024-TC-0025'),
(26, '2024-08-16', 952.27,  'bizum',          'PAY-2024-BZ-0026'),
(27, '2024-08-24', 2161.12, 'transferencia',  'PAY-2024-TR-0027'),
(28, '2024-09-04', 2538.58, 'tarjeta',        'PAY-2024-TC-0028'),
(29, '2024-09-12', 1811.68, 'tarjeta',        'PAY-2024-TC-0029'),
(30, '2024-09-20', 2465.98, 'transferencia',  'PAY-2024-TR-0030'),
(31, '2024-10-03', 3504.16, 'tarjeta',        'PAY-2024-TC-0031'),
(32, '2024-10-10', 1354.04, 'bizum',          'PAY-2024-BZ-0032'),
(33, '2024-10-17', 747.78,  'paypal',         'PAY-2024-PP-0033'),
(34, '2024-10-24', 1642.14, 'transferencia',  'PAY-2024-TR-0034'),
(35, '2024-11-03', 1380.08, 'tarjeta',        'PAY-2024-TC-0035'),
(36, '2024-11-08', 1678.27, 'tarjeta',        'PAY-2024-TC-0036');

-- ---- COMISIONES (oltp_rrhh) ----
-- Empleado 2 (Antonio Jiménez) y 3 (Carmen López), 4 (Mohamed Benali), 5 (Sara García) 3%
INSERT INTO oltp_rrhh.comisiones (empleado_id, pedido_id, importe, pct_aplicado, fecha) VALUES
(2,  1,  57.97, 3.00, '2024-01-11'), (2,  2,  65.28, 3.00, '2024-01-21'),
(3,  3,  83.94, 3.00, '2024-01-26'), (3,  4,  29.91, 3.00, '2024-02-07'),
(2,  5,  72.87, 3.00, '2024-02-13'), (4,  6,  41.64, 3.00, '2024-02-22'),
(3,  7,  62.94, 3.00, '2024-03-05'), (2,  8,  14.31, 3.00, '2024-03-15'),
(4,  9,  55.74, 3.00, '2024-03-25'), (1, 10,  47.37, 3.00, '2024-04-01'),
(3, 11,  43.44, 3.00, '2024-04-09'), (2, 12,  17.99, 3.00, '2024-04-22'),
(4, 13,  69.39, 3.00, '2024-04-26'), (5, 14,  27.54, 3.00, '2024-05-05'),
(3, 15,  99.33, 3.00, '2024-05-13'), (2, 16,  58.44, 3.00, '2024-05-22'),
(4, 17,  23.97, 3.00, '2024-05-28'), (3, 18,  58.83, 3.00, '2024-06-07'),
(5, 19,  46.95, 3.00, '2024-06-18'), (2, 20,  43.50, 3.00, '2024-06-23'),
(4, 21,  42.24, 3.00, '2024-07-04'), (3, 22,  41.52, 3.00, '2024-07-12'),
(5, 23,  31.44, 3.00, '2024-07-22'), (2, 24,  59.97, 3.00, '2024-07-30'),
(4, 25,  37.50, 3.00, '2024-08-09'), (3, 26,  23.61, 3.00, '2024-08-17'),
(5, 27,  62.34, 3.00, '2024-08-26'), (2, 28,  62.94, 3.00, '2024-09-06'),
(4, 29,  52.26, 3.00, '2024-09-13'), (3, 30,  61.14, 3.00, '2024-09-23');